{
   "VQR_50_200_0.30_0_10_4070.dat": {
      "n_researchers": 50,
      "n_papers": 200,
      "num_var": 365,
      "status": "integer optimal solution",
      "time": 0.01599999999962165,
      "deterministic_time": 6.39141845703125,
      "objective_value": 786.5699999999999
   },
   "VQR_50_200_0.60_0_10_6113.dat": {
      "n_researchers": 50,
      "n_papers": 200,
      "num_var": 530,
      "status": "integer optimal solution",
      "time": 0.015000000000327418,
      "deterministic_time": 10.310611724853516,
      "objective_value": 805.51
   },
   "VQR_50_200_0.90_0_10_75.dat": {
      "n_researchers": 50,
      "n_papers": 200,
      "num_var": 694,
      "status": "integer optimal solution",
      "time": 0.016000000000531145,
      "deterministic_time": 13.59489631652832,
      "objective_value": 817.86
   },
   "VQR_50_400_0.30_0_10_7154.dat": {
      "n_researchers": 50,
      "n_papers": 400,
      "num_var": 505,
      "status": "integer optimal solution",
      "time": 0.016000000000531145,
      "deterministic_time": 5.54826545715332,
      "objective_value": 921.6
   },
   "VQR_50_400_0.60_0_10_3464.dat": {
      "n_researchers": 50,
      "n_papers": 400,
      "num_var": 610,
      "status": "integer optimal solution",
      "time": 0.03099999999994907,
      "deterministic_time": 8.861407279968262,
      "objective_value": 892.76
   },
   "VQR_50_400_0.90_0_10_2680.dat": {
      "n_researchers": 50,
      "n_papers": 400,
      "num_var": 714,
      "status": "integer optimal solution",
      "time": 0.01599999999962165,
      "deterministic_time": 13.366425514221191,
      "objective_value": 903.01
   },
   "VQR_50_600_0.30_0_10_601.dat": {
      "n_researchers": 50,
      "n_papers": 600,
      "num_var": 645,
      "status": "integer optimal solution",
      "time": 0.01599999999962165,
      "deterministic_time": 4.692681312561035,
      "objective_value": 952.72
   },
   "VQR_50_600_0.60_0_10_1511.dat": {
      "n_researchers": 50,
      "n_papers": 600,
      "num_var": 690,
      "status": "integer optimal solution",
      "time": 0.014999999999417923,
      "deterministic_time": 5.151525497436523,
      "objective_value": 952.25
   },
   "VQR_50_600_0.90_0_10_5013.dat": {
      "n_researchers": 50,
      "n_papers": 600,
      "num_var": 734,
      "status": "integer optimal solution",
      "time": 0.015000000000327418,
      "deterministic_time": 5.5967864990234375,
      "objective_value": 952.46
   },
   "VQR_100_400_0.30_0_10_1414.dat": {
      "n_researchers": 100,
      "n_papers": 400,
      "num_var": 730,
      "status": "integer optimal solution",
      "time": 0.03099999999994907,
      "deterministic_time": 14.209596633911133,
      "objective_value": 1581.7199999999998
   },
   "VQR_100_400_0.60_0_10_1592.dat": {
      "n_researchers": 100,
      "n_papers": 400,
      "num_var": 1060,
      "status": "integer optimal solution",
      "time": 0.03099999999994907,
      "deterministic_time": 21.299593925476074,
      "objective_value": 1590.44
   },
   "VQR_100_400_0.90_0_10_2338.dat": {
      "n_researchers": 100,
      "n_papers": 400,
      "num_var": 1389,
      "status": "integer optimal solution",
      "time": 0.04700000000048021,
      "deterministic_time": 28.75441074371338,
      "objective_value": 1633.44
   },
   "VQR_100_800_0.30_0_10_224.dat": {
      "n_researchers": 100,
      "n_papers": 800,
      "num_var": 1010,
      "status": "integer optimal solution",
      "time": 0.016000000000531145,
      "deterministic_time": 11.933159828186035,
      "objective_value": 1795.69
   },
   "VQR_100_800_0.60_0_10_7375.dat": {
      "n_researchers": 100,
      "n_papers": 800,
      "num_var": 1220,
      "status": "integer optimal solution",
      "time": 0.04700000000048021,
      "deterministic_time": 21.790093421936035,
      "objective_value": 1805.75
   },
   "VQR_100_800_0.90_0_10_727.dat": {
      "n_researchers": 100,
      "n_papers": 800,
      "num_var": 1429,
      "status": "integer optimal solution",
      "time": 0.03099999999994907,
      "deterministic_time": 13.50572395324707,
      "objective_value": 1833.8000000000002
   },
   "VQR_100_1200_0.30_0_10_3762.dat": {
      "n_researchers": 100,
      "n_papers": 1200,
      "num_var": 1290,
      "status": "integer optimal solution",
      "time": 0.01599999999962165,
      "deterministic_time": 9.506570816040039,
      "objective_value": 1948.5599999999997
   },
   "VQR_100_1200_0.60_0_10_1748.dat": {
      "n_researchers": 100,
      "n_papers": 1200,
      "num_var": 1380,
      "status": "integer optimal solution",
      "time": 0.03099999999994907,
      "deterministic_time": 10.34855842590332,
      "objective_value": 1918.17
   },
   "VQR_100_1200_0.90_0_10_1235.dat": {
      "n_researchers": 100,
      "n_papers": 1200,
      "num_var": 1469,
      "status": "integer optimal solution",
      "time": 0.03099999999994907,
      "deterministic_time": 11.500439643859863,
      "objective_value": 1966.31
   },
   "VQR_150_600_0.30_0_10_1864.dat": {
      "n_researchers": 150,
      "n_papers": 600,
      "num_var": 1095,
      "status": "integer optimal solution",
      "time": 0.03099999999994907,
      "deterministic_time": 11.00984001159668,
      "objective_value": 2348.8200000000006
   },
   "VQR_150_600_0.60_0_10_2386.dat": {
      "n_researchers": 150,
      "n_papers": 600,
      "num_var": 1590,
      "status": "integer optimal solution",
      "time": 0.03099999999994907,
      "deterministic_time": 16.37777805328369,
      "objective_value": 2404.59
   },
   "VQR_150_600_0.90_0_10_6822.dat": {
      "n_researchers": 150,
      "n_papers": 600,
      "num_var": 2084,
      "status": "integer optimal solution",
      "time": 0.06199999999989814,
      "deterministic_time": 43.434274673461914,
      "objective_value": 2385.29
   },
   "VQR_150_1200_0.30_0_10_732.dat": {
      "n_researchers": 150,
      "n_papers": 1200,
      "num_var": 1515,
      "status": "integer optimal solution",
      "time": 0.03099999999994907,
      "deterministic_time": 18.395615577697754,
      "objective_value": 2685.5099999999998
   },
   "VQR_150_1200_0.60_0_10_5740.dat": {
      "n_researchers": 150,
      "n_papers": 1200,
      "num_var": 1830,
      "status": "integer optimal solution",
      "time": 0.03099999999994907,
      "deterministic_time": 16.295567512512207,
      "objective_value": 2791.35
   },
   "VQR_150_1200_0.90_0_10_3931.dat": {
      "n_researchers": 150,
      "n_papers": 1200,
      "num_var": 2144,
      "status": "integer optimal solution",
      "time": 0.03099999999994907,
      "deterministic_time": 20.60530185699463,
      "objective_value": 2792.27
   },
   "VQR_150_1800_0.30_0_10_155.dat": {
      "n_researchers": 150,
      "n_papers": 1800,
      "num_var": 1935,
      "status": "integer optimal solution",
      "time": 0.03099999999994907,
      "deterministic_time": 14.295851707458496,
      "objective_value": 2910.98
   },
   "VQR_150_1800_0.60_0_10_9317.dat": {
      "n_researchers": 150,
      "n_papers": 1800,
      "num_var": 2070,
      "status": "integer optimal solution",
      "time": 0.014999999999417923,
      "deterministic_time": 16.008975982666016,
      "objective_value": 2896.83
   },
   "VQR_150_1800_0.90_0_10_3963.dat": {
      "n_researchers": 150,
      "n_papers": 1800,
      "num_var": 2204,
      "status": "integer optimal solution",
      "time": 0.03099999999994907,
      "deterministic_time": 17.580178260803223,
      "objective_value": 2900.23
   },
   "VQR_200_800_0.30_0_10_5393.dat": {
      "n_researchers": 200,
      "n_papers": 800,
      "num_var": 1460,
      "status": "integer optimal solution",
      "time": 0.06300000000010186,
      "deterministic_time": 31.69191837310791,
      "objective_value": 3143.0000000000005
   },
   "VQR_200_800_0.60_0_10_5182.dat": {
      "n_researchers": 200,
      "n_papers": 800,
      "num_var": 2120,